{
  "mc_power_law": {
    "a": 0.03839784688406458,
    "alpha": 0.8766037552242968
  },
  "kq_power_law": {
    "a": 0.9999999999999998,
    "alpha": 1.0
  },
  "extrapolation": {
    "Current organoid (~1M neurons)": {
      "N": 1000000,
      "mc": 6981.1891303761095,
      "kq": 999999.9999999998
    },
    "Mature organoid (~10M neurons)": {
      "N": 10000000,
      "mc": 52545.21326518211,
      "kq": 9999999.999999998
    },
    "Brain region slice (~100M neurons)": {
      "N": 100000000,
      "mc": 395491.28171732003,
      "kq": 99999999.99999999
    }
  }
}