{
  "n_range": [
    10,
    25,
    50,
    100,
    200,
    400,
    800,
    1200
  ],
  "esn_baseline": {
    "mc_mean": [
      0.03214262064036768,
      0.21067546308345142,
      0.7955326523374279,
      3.6472999490000415,
      7.6108165386457465,
      12.972187421242484,
      12.24165343182856,
      12.022003971186782
    ],
    "mc_std": [
      0.015732294680208255,
      0.06204309880386457,
      0.08406665733489332,
      0.1158921486974276,
      0.4776814227967002,
      0.33416567000607095,
      0.33879004101255633,
      0.1556547437070115
    ],
    "kq_mean": [
      10.0,
      25.0,
      50.0,
      100.0,
      200.0,
      400.0,
      800.0,
      1200.0
    ],
    "kq_std": [
      0.0,
      0.0,
      0.0,
      0.0,
      0.0,
      0.0,
      0.0,
      0.0
    ],
    "esp_mean": [
      0.9986790885736077,
      0.9983813286374953,
      0.997568717088322,
      0.9962212830251939,
      0.9950235141039171,
      0.9925178710673315,
      0.9898265551316286,
      0.9872062045093062
    ],
    "esp_std": [
      0.00017667035108811867,
      0.00014412496379832598,
      0.0003192322513925087,
      0.0003197478544994361,
      0.00038287826857208294,
      0.00030211479540457654,
      0.0004702507685747044,
      0.0006550128317035973
    ]
  },
  "sr_sweep": {
    "0.7": {
      "mc_mean": [
        0.02979594118342608,
        0.21886416063737252,
        0.953117645826018,
        3.545069331134477,
        7.631504773350712,
        12.654959476599423
      ],
      "mc_std": [
        0.011931292558917849,
        0.03525672068710503,
        0.07155168800107746,
        0.08616033846014906,
        0.34028762050303074,
        0.11875433630043405
      ],
      "kq_mean": [
        10.0,
        25.0,
        50.0,
        100.0,
        200.0,
        400.0
      ],
      "kq_std": [
        0.0,
        0.0,
        0.0,
        0.0,
        0.0,
        0.0
      ],
      "esp_mean": [
        0.999010640690783,
        0.9984298514162057,
        0.9978637568329146,
        0.9967539976147202,
        0.9957254123329473,
        0.9933668603366493
      ],
      "esp_std": [
        0.00013031078815061215,
        0.00018034654696091779,
        0.00022535889202929263,
        0.00022728700549610328,
        0.0003138677206562834,
        0.00017680475632085203
      ]
    },
    "0.9": {
      "mc_mean": [
        0.03901812045259401,
        0.22770184167105223,
        0.8865234381039152,
        3.822072833477354,
        7.766001762815666,
        12.500538161063304
      ],
      "mc_std": [
        0.012918936460317738,
        0.05759337155358404,
        0.06091796857722121,
        0.44701906439550804,
        0.4358663580746919,
        0.14168296377512246
      ],
      "kq_mean": [
        10.0,
        25.0,
        50.0,
        100.0,
        200.0,
        400.0
      ],
      "kq_std": [
        0.0,
        0.0,
        0.0,
        0.0,
        0.0,
        0.0
      ],
      "esp_mean": [
        0.9987521843708053,
        0.9983535852443031,
        0.9974174308609142,
        0.9963977446225462,
        0.9950809486044548,
        0.992951005450242
      ],
      "esp_std": [
        0.00011890675899272588,
        0.00015084251743249246,
        0.00020359404827847134,
        0.0004478433481200902,
        0.00044468188633462255,
        0.0005486061405359452
      ]
    },
    "0.95": {
      "mc_mean": [
        0.04609896989224929,
        0.26769084329700366,
        0.9132154605624229,
        3.6755213271628837,
        7.571223443714986,
        12.612492777567157
      ],
      "mc_std": [
        0.012799111408232993,
        0.03610676192307957,
        0.097323959499288,
        0.1320018502542982,
        0.2344348174173864,
        0.28118153463023016
      ],
      "kq_mean": [
        10.0,
        25.0,
        50.0,
        100.0,
        200.0,
        400.0
      ],
      "kq_std": [
        0.0,
        0.0,
        0.0,
        0.0,
        0.0,
        0.0
      ],
      "esp_mean": [
        0.9983945435409676,
        0.9982646237096906,
        0.9973670264840906,
        0.9959223687169073,
        0.9946619299175135,
        0.9923314924799561
      ],
      "esp_std": [
        0.00048555510328964526,
        0.00017573717281327668,
        0.00023128895605097356,
        0.0005542399629950262,
        0.0005584233514309289,
        0.00036479731360060836
      ]
    }
  },
  "mc_power_law": {
    "a": 0.48737827713850235,
    "alpha": 0.47749155443193747
  },
  "kq_power_law": {
    "a": 1.0000000000000007,
    "alpha": 0.9999999999999999
  },
  "extrapolation": {
    "Current organoid (~500k neurons)": {
      "N": 500000,
      "mc": 256.4934117908538,
      "kq": 499999.9999999996
    },
    "Mature organoid (~1M neurons)": {
      "N": 1000000,
      "mc": 357.1210871455869,
      "kq": 999999.9999999992
    },
    "Cortical column (~10M neurons)": {
      "N": 10000000,
      "mc": 1072.2771452308175,
      "kq": 9999999.999999989
    }
  },
  "lsm": {
    "mc_mean": [
      5.5,
      12.0,
      26.0,
      38.0,
      58.5,
      79.0,
      94.0
    ],
    "mc_std": [
      0.5,
      0.0,
      0.0,
      1.0,
      0.5,
      9.0,
      2.0
    ],
    "sep_mean": [
      0.015362552865380574,
      0.023605141584979,
      0.035159049036239856,
      0.05157966005567956,
      0.07194101079147688,
      0.10153624152089519,
      0.14346123635559616
    ],
    "sep_std": [
      0.0004664261063281926,
      0.0002299758800291523,
      4.352670294042668e-05,
      0.001177542419000692,
      0.0001146722438634118,
      0.0011623955252877613,
      0.0003917925590485455
    ],
    "n_range": [
      10,
      25,
      50,
      100,
      200,
      400,
      800
    ]
  }
}