{
  "n_range": [
    10,
    25,
    50,
    100,
    200,
    400
  ],
  "mc_mean": [
    0.03646023093580694,
    0.27127817796789166,
    0.9664548912697428,
    2.1196237509153737,
    4.587782176536505,
    7.104205191262036
  ],
  "mc_std": [
    0.015511726634720929,
    0.028705517546747605,
    0.03292323662804275,
    0.14088477626995832,
    0.11645534986088446,
    0.010161087784018807
  ],
  "kq_mean": [
    10.0,
    25.0,
    50.0,
    100.0,
    200.0,
    400.0
  ],
  "kq_std": [
    0.0,
    0.0,
    0.0,
    0.0,
    0.0,
    0.0
  ],
  "esp_mean": [
    0.9985349593636383,
    0.9981598710214326,
    0.9973190791517674,
    0.9961641145701862,
    0.9948926237670727,
    0.9924847671876202
  ],
  "esp_std": [
    0.00014748319598473225,
    7.880610747851291e-05,
    0.00026933452758831633,
    0.0004893413856227324,
    0.0008152767023745788,
    0.00030574873258443214
  ]
}