{
  "controller": "esn",
  "label": "ESN + FORCE (v2)",
  "n_steps": 5000,
  "hits": 29,
  "misses": 14,
  "total": 43,
  "final_hit_rate": 0.6744186046511628,
  "hit_rate_history": [
    1.0,
    1.0,
    0.6666666666666666,
    0.75,
    0.8,
    0.6666666666666666,
    0.5714285714285714,
    0.625,
    0.6666666666666666,
    0.7,
    0.7272727272727273,
    0.75,
    0.6923076923076923,
    0.6428571428571429,
    0.6666666666666666,
    0.6875,
    0.6470588235294118,
    0.6111111111111112,
    0.631578947368421,
    0.65,
    0.6190476190476191,
    0.6363636363636364,
    0.6521739130434783,
    0.6666666666666666,
    0.68,
    0.6923076923076923,
    0.6666666666666666,
    0.6428571428571429,
    0.6551724137931034,
    0.6666666666666666,
    0.6774193548387096,
    0.6875,
    0.6666666666666666,
    0.6764705882352942,
    0.6857142857142857,
    0.6666666666666666,
    0.6756756756756757,
    0.6842105263157895,
    0.6923076923076923,
    0.7,
    0.6829268292682927,
    0.6666666666666666,
    0.6744186046511628
  ]
}